{
  "numeric_cols": [
    "area",
    "bedroom",
    "wc"
  ],
  "mean": [
    88.65824480992181,
    3.3588568347263412,
    3.1542194661633864
  ],
  "scale": [
    56.17072284227621,
    1.3069449219889735,
    1.3254245330722991
  ]
}