{
  "location": 2.3892334195680642,
  "home_type": 2.3892334195680642,
  "legal_status": 2.3892334195680642,
  "furniture": 2.3892334195680642,
  "published_month": 2.3892334195680642
}