{
  "location": {
    "Ba Vì, Hà Nội": 1.9760204122804685,
    "Ba Đình, Hà Nội": 2.847132018283094,
    "Bắc Từ Liêm, Hà Nội": 2.3218394260090465,
    "Chương Mỹ, Hà Nội": 1.2228518274954447,
    "Cầu Giấy, Hà Nội": 2.836411591145063,
    "Gia Lâm, Hà Nội": 1.9845443604620874,
    "Hai Bà Trưng, Hà Nội": 2.4856303498423356,
    "Hoài Đức, Hà Nội": 2.3609137586331252,
    "Hoàn Kiếm, Hà Nội": 3.5597589693169573,
    "Hoàng Mai, Hà Nội": 2.3774871383584717,
    "Hà Đông, Hà Nội": 2.554568851078189,
    "Long Biên, Hà Nội": 2.6125553543816347,
    "Mê Linh, Hà Nội": 2.0491714793285998,
    "Mỹ Đức, Hà Nội": 0.02415748067080113,
    "Nam Từ Liêm, Hà Nội": 2.2766299376092443,
    "Phú Xuyên, Hà Nội": 0.7630281517475246,
    "Phúc Thọ, Hà Nội": 1.0503469802872925,
    "Quốc Oai, Hà Nội": 1.6640403399324817,
    "Sóc Sơn, Hà Nội": 0.7512425263283549,
    "Sơn Tây, Hà Nội": 1.0030112615409592,
    "Thanh Oai, Hà Nội": 1.9489231274012222,
    "Thanh Trì, Hà Nội": 1.9925886174380947,
    "Thanh Xuân, Hà Nội": 2.527756334922945,
    "Thường Tín, Hà Nội": 1.9828650867807696,
    "Thạch Thất, Hà Nội": 1.654635602929681,
    "Tây Hồ, Hà Nội": 2.8493385418910218,
    "Đan Phượng, Hà Nội": 2.776860859658838,
    "Đông Anh, Hà Nội": 2.2270098573039045,
    "Đống Đa, Hà Nội": 2.5475993087720026,
    "Ứng Hòa, Hà Nội": 1.180568584054223
  },
  "home_type": {
    "chung cư mini, căn hộ dịch vụ": 0.4584667709106738,
    "condotel": 1.455999402360204,
    "căn hộ chung cư": 2.034158616299326,
    "kho, nhà xưởng": 2.54558351808162,
    "loại bất động sản khác": 3.020808384807301,
    "nhà biệt thự, liền kề": 3.1792387919584257,
    "nhà mặt phố": 3.5035102232731523,
    "nhà riêng": 2.417881998389131,
    "shophouse, nhà phố thương mại": 2.644216941398755,
    "trang trại, khu nghỉ dưỡng": 2.0432702922759405,
    "đất": 1.73684892552685,
    "đất nền dự án": 2.414957784751057
  },
  "legal_status": {
    "có sổ đỏ/sổ hồng": 2.3973294681087394,
    "không có - Thiếu": 2.35702310027335
  },
  "furniture": {
    "Cao cấp": 2.4623239812105835,
    "Cơ bản": 2.4115124580421443,
    "Không có - Thiếu": 2.4242400528997665,
    "Đầy đủ": 2.3364840190513507
  },
  "published_month": {
    "2025-09": 2.4052889746628283,
    "2025-10": 2.3877896934854905
  }
}