{
  "location": {
    "Ba Vì, Hà Nội": 1.9760204122804685,
    "Ba Đình, Hà Nội": 2.847132018283094,
    "Bắc Từ Liêm, Hà Nội": 2.3218394260090465,
    "Chương Mỹ, Hà Nội": 1.2228518274954447,
    "Cầu Giấy, Hà Nội": 2.836411591145063,
    "Gia Lâm, Hà Nội": 1.9845443604620874,
    "Hai Bà Trưng, Hà Nội": 2.4856303498423356,
    "Hoài Đức, Hà Nội": 2.3609137586331252,
    "Hoàn Kiếm, Hà Nội": 3.5597589693169573,
    "Hoàng Mai, Hà Nội": 2.3774871383584717,
    "Hà Đông, Hà Nội": 2.554568851078189,
    "Long Biên, Hà Nội": 2.6125553543816347,
    "Mê Linh, Hà Nội": 2.0491714793285998,
    "Mỹ Đức, Hà Nội": 0.02415748067080113,
    "Nam Từ Liêm, Hà Nội": 2.2766299376092443,
    "Phú Xuyên, Hà Nội": 0.7630281517475246,
    "Phúc Thọ, Hà Nội": 1.0503469802872925,
    "Quốc Oai, Hà Nội": 1.6640403399324817,
    "Sóc Sơn, Hà Nội": 0.7512425263283549,
    "Sơn Tây, Hà Nội": 1.0030112615409592,
    "Thanh Oai, Hà Nội": 1.9489231274012222,
    "Thanh Trì, Hà Nội": 1.9925886174380947,
    "Thanh Xuân, Hà Nội": 2.527756334922945,
    "Thường Tín, Hà Nội": 1.9828650867807696,
    "Thạch Thất, Hà Nội": 1.654635602929681,
    "Tây Hồ, Hà Nội": 2.8493385418910218,
    "Đan Phượng, Hà Nội": 2.776860859658838,
    "Đông Anh, Hà Nội": 2.2270098573039045,
    "Đống Đa, Hà Nội": 2.5475993087720026,
    "Ứng Hòa, Hà Nội": 1.180568584054223
  },
  "home_type": {
    "chung cư mini, căn hộ dịch vụ": 0.4584667709106738,
    "condotel": 1.455999402360204,
    "căn hộ chung cư": 2.034158616299326,
    "kho, nhà xưởng": 2.54558351808162,
    "loại bất động sản khác": 3.020808384807301,
    "nhà biệt thự, liền kề": 3.1792387919584257,
    "nhà mặt phố": 3.5035102232731523,
    "nhà riêng": 2.417881998389131,
    "shophouse, nhà phố thương mại": 2.644216941398755,
    "trang trại, khu nghỉ dưỡng": 2.0432702922759405,
    "đất": 1.73684892552685,
    "đất nền dự án": 2.414957784751057
  },
  "legal_status": {
    "+ Sổ đỏ": 3.068052935133617,
    "- Sổ đỏ chính chủ!": 2.379546134130174,
    "50 năm": 1.6193882432872684,
    "Có sổ": 2.3522595167915257,
    "Có sổ đỏ": 3.713572066704308,
    "Có sổ.": 2.7082812588174288,
    "Dự án pháp lý sổ hồng từng căn, sẵn slot ô tô dưới hầm.": 2.379546134130174,
    "Giấy tờ cấp xã, vi bằng.": -1.2207799226423173,
    "HĐMB": 1.0727901720919406,
    "Hợp đồng góp vốn": 1.6094379124341003,
    "Hợp đồng mua bán": 2.097587431797594,
    "Hợp đồng mua bán.": 2.0323317532882093,
    "Hợp đồng đặt cọc": 3.1415627217655304,
    "Không có - Thiếu": 2.5483638212542354,
    "Pháp lý: Sổ đỏ chính chủ, sang tên ngay.": 1.55814461804655,
    "SĐCC, sẵn sàng giao dịch": 2.89591193827178,
    "Sổ dỏ/sổ hồng": 2.2300144001592104,
    "Sổ hồng": 2.1064466455012254,
    "Sổ hồng 50 năm.": 2.379546134130174,
    "Sổ hồng lâu dài": 2.0541237336955462,
    "Sổ lâu dài.": 2.379546134130174,
    "Sổ đầy đủ": 2.379546134130174,
    "Sổ đỏ": 2.4696013434314135,
    "Sổ đỏ cc": 4.465908118654584,
    "Sổ đỏ chính chủ": 1.9983408421764555,
    "Sổ đỏ chính chủ, pháp lý minh bạch": 1.916922612182061,
    "Sổ đỏ chính chủ, sẵn sàng giao dịch.": 2.4406063908914204,
    "Sổ đỏ chính chủ.": 2.5027919672881143,
    "Sổ đỏ chính chủ/ Sổ hồng": 2.379546134130174,
    "Sổ đỏ lâu dài": 2.8154087194227095,
    "Sổ đỏ lâu dài + Quỹ căn HĐMB 50 năm": 1.7047480922384253,
    "Sổ đỏ nở hậu, phong thuỷ đẹp, sang tên nhanh.": 2.6741486494265287,
    "Sổ đỏ pháp lý rõ ràng": 2.379546134130174,
    "Sổ đỏ vuông đẹp": 2.631888840136646,
    "Sổ đỏ đầy đủ.": 2.0794415416798357,
    "Sổ đỏ.": 2.419505600934644,
    "Sổ đỏ/ Sổ hồng": 2.3964537944884223,
    "Sổ đỏ/ Sổ hồng.": 2.3505533491226225,
    "Sổ đỏ/ sổ hồng": 3.347677359991341,
    "Sổ đỏ/sổ hồng": 0.7419373447293773,
    "THANH XUÂN!": 2.7536607123542622,
    "Đang chờ sổ": 2.199150076371776,
    "Đang chờ sổ.": 2.266107164615677,
    "Đang làm sổ": 2.6100697927420065,
    "Đã có sổ đỏ thời hạn sd lâu dài": 2.379546134130174,
    "Đã có sổ đỏ.": 2.379546134130174
  },
  "furniture": {
    "- Hệ thống bếp và tủ bếp thương hiệu Hafele. - Điều hoà tổng âm trần Mitsubishi. - Full WC thương hiệu Kohler. - Đèn, trần thạch cao, sàn gỗ.": 2.1041341542702074,
    "- Hệ thống bếp và tủ bếp thương hiệu Hafele. - Điều hòa âm trần Daikin. - Full WC thương hiệu Kohler. - Đèn, trần thạch cao, sàn gỗ.": 2.0794415416798357,
    "- Nhà có nội thất, ở luôn.": 1.8718021769015913,
    "- Sẵn sàng bàn giao: Nhận nhà vào ở ngay, tiết kiệm thời gian và công sức.": 3.3054204262683866,
    "3 điều hòa tủ bếp tủ quần áo âm tường": 1.55814461804655,
    "Bàn giao nội thất cao cấp.": 1.5048175893614912,
    "Bàn giao từ điều hoà âm trần tới hệ tủ bếp và tủ liền tường cao cấp.": 2.379546134130174,
    "Cao cấp": 1.9523984801682033,
    "Cao cấp chủ đầu tư.": 1.7578579175523736,
    "Chủ bán để lại đồ đạc gắn trên tường.": 1.667706820558076,
    "Chủ đầu tư": 1.2947271675944,
    "Có tháng máy": 2.9444389791664403,
    "Có đủ tiện nghi cơ bản: Điều hoà, nóng lạnh, giường tủ.": 1.944480556245719,
    "Căn hộ được trang bị đầy đủ nội thất hiện đại, bao gồm điều hòa, tủ lạnh, giường, mang đến sự tiện nghi tối đa cho cư dân.": 2.1162555148025524,
    "Cơ bản": 2.4227237976459906,
    "Cơ bản chủ đầu tư bàn giao": 1.252762968495368,
    "Cơ bản hoàn thiện nội thất cơ bản.": 1.599387576580599,
    "Cơ bản nội thất cơ bản.": 2.379546134130174,
    "Cơ bản.": 2.2891036063128816,
    "CỰC ĐẸP": 2.884800712846709,
    "FULL": 1.8082887711792655,
    "Full": 2.5143836567491338,
    "Full NT.": 2.0149030205422647,
    "Full hết nội thất.": 2.102913897864978,
    "Full nội thất": 2.173177146273509,
    "Full nội thất 5*": 2.5649493574615367,
    "Full nội thất cao cấp": 2.631888840136646,
    "Full nội thất cao cấp khách mua chỉ việc mang vali về ở.": 2.2823823856765264,
    "Full nội thất cao cấp, đầy đủ điều hòa các phòng...": 2.379546134130174,
    "Full nội thất cao cấp.": 2.0476835231942303,
    "Full nội thất cơ bản.": 1.536867219599265,
    "Full nội thất gắn tường cao cấp.": 2.379546134130174,
    "Full nội thất hiện đại.": 1.6094379124341003,
    "Full nội thất liền tường cao cấp nhập khẩu Châu Âu Porta Door, Duravit, Hafele, Hansgrohe...": 2.740840023925201,
    "Full nội thất nhập khẩu đặc biệt một số căn nguyên bản.": 2.379546134130174,
    "Full nội thất nhập khẩu, khóa số thông minh, PCCC đầy đủ.": 4.382026634673881,
    "Full nội thất sang trọng.": 2.653241964607215,
    "Full nội thất xịn.": 2.8622008809294686,
    "Full nội thất đẹp.": 1.7404661748405046,
    "Full nội thất.": 2.32928851893544,
    "Full đồ liền tường Điều hòa âm trần, Tủ bếp trên dưới, thiết bị vs cao cấp...": 1.2947271675944,
    "Full đồ mới tinh.": 1.3737155789130306,
    "Full đồ nhập khẩu.": 2.3513752571634776,
    "Full đồ.": 2.266126950140597,
    "Full.": 1.5686159179138452,
    "Hoàn thiện full nội thất cao cấp.": 4.276666119016055,
    "Hoàn thiện mặt ngoài": 2.379546134130174,
    "Hoàn thiện mặt ngoài, thô bên trong": 3.901972669574645,
    "Hoàn thiện nội thất cao cấp, thang máy nhập khẩu nguyên chiếc, điều hòa âm trần, thiết kế phong cách hiện đại.": 3.6712245188752153,
    "Hoàn thiện nội thất đẹp.": 2.379546134130174,
    "K": 4.465908118654584,
    "Không có - Thiếu": 2.3947086546067426,
    "Không nội thất": 2.8447401820968805,
    "Không nội thất.": 2.701833782047416,
    "Liền tường cao cấp": 2.0143692600866068,
    "Liền tường cao cấp.": 2.7245795030534206,
    "Luxury, full gỗ óc chó": 3.1354942159291497,
    "Nguyên bản CĐT": 1.9344157696295783,
    "Nguyên bản và full đồ tùy căn.": 2.379546134130174,
    "Nguyên bản.": 2.379546134130174,
    "Nhà Xây thô": 2.954910279033736,
    "Nhà full nội thất như hình chỉ việc ở.": 2.379546134130174,
    "Nhà hoàn thiện nội thất cao cấp": 3.6888794541139363,
    "Nhà thô hoàn thiện mặt ngoài": 2.740840023925201,
    "Nhà được trang bị thiết bị vệ sinh cao cấp Toto và thang máy nhập khẩu hiện đại.": 4.007333185232471,
    "Nhà để lại toàn bộ nội thất về ở ngay được.": 2.1972245773362196,